version,task,horizon_years,method,n,n_converters,auc,ci_lo,ci_hi,delta_vs_ridge_all,delta_ci_lo,delta_ci_hi,delta_p
raw,MCI_to_AD,2,ridge_dhat_finetune,123,16,0.6962616822429907,0.5477085795724808,0.8258741258741259,0.03323288222615791,-0.0706783076087983,0.16355212299526936,0.608
raw,MCI_to_AD,2,ridge_dhat_all,123,16,0.6623831775700935,0.5243480430120339,0.7935435435435436,,,,
raw,MCI_to_AD,2,direct_logistic,123,16,0.6594626168224299,0.5210278619741237,0.785186741363212,-0.003780867920607159,-0.16055045871559626,0.14865156823490133,0.9652
raw,MCI_to_AD,2,contrastive_euclidean_probe,123,16,0.6425233644859814,0.4999836173001311,0.7800300909675909,-0.01956141177866004,-0.09989833998338823,0.052428275927536315,0.6356
raw,MCI_to_AD,2,contrastive_euclidean_s,123,16,0.5496495327102804,0.40801824883135573,0.6925638179800222,-0.11234666221545409,-0.2077684677078938,-0.020969008451213404,0.018
raw,MCI_to_AD,2,contrastive_euclidean_finetune,123,16,0.6238317757009346,0.4759678103428103,0.7651922364375742,-0.03919567470898544,-0.17451524170274169,0.1041971465786449,0.566
raw,MCI_to_AD,2,contrastive_rank_kendall_basic_probe,123,16,0.5408878504672897,0.3836293632700403,0.7000083240843507,-0.12108417176719559,-0.23156985767279892,-0.017195896209054227,0.0208
raw,MCI_to_AD,2,contrastive_rank_kendall_basic_s,123,16,0.4573598130841121,0.30211314159620234,0.6209790209790209,-0.20438098896135798,-0.3354531317031317,-0.0877178742310322,0.0004
raw,MCI_to_AD,2,contrastive_rank_kendall_basic_finetune,123,16,0.5613317757009346,0.39444347319347317,0.7183266621245671,-0.1018514083887615,-0.23633773146795947,0.050234417494931495,0.1664
raw,MCI_to_AD,2,contrastive_hybrid_basic_probe,123,16,0.5379672897196262,0.37460250201775624,0.7049642664306924,-0.12380763022970064,-0.24685906685906686,-0.010718904633378434,0.0308
raw,MCI_to_AD,2,contrastive_hybrid_basic_s,123,16,0.477803738317757,0.32378480130807114,0.6405631536604988,-0.18432466200959144,-0.3174929854096521,-0.05767183631862529,0.0052
raw,MCI_to_AD,2,contrastive_hybrid_basic_finetune,123,16,0.6466121495327103,0.5078569399872612,0.7772021366968113,-0.016167106391205076,-0.15524877149877148,0.12826571508502202,0.8228
raw,MCI_to_AD,3,ridge_dhat_finetune,97,28,0.7220496894409939,0.6010236421533286,0.8298346409502014,0.05440765131585124,-0.024339584515640843,0.14345108474023313,0.1892
raw,MCI_to_AD,3,ridge_dhat_all,97,28,0.6666666666666667,0.5482431773879143,0.7789957180500657,,,,
raw,MCI_to_AD,3,direct_logistic,97,28,0.7111801242236024,0.5862064045032279,0.8293382829005657,0.045629426129232986,-0.09695501402023146,0.1956730769230769,0.5492
raw,MCI_to_AD,3,contrastive_euclidean_probe,97,28,0.6035196687370601,0.47887903225806444,0.721026733254994,-0.06268227060036198,-0.15322204968944092,0.02580645161290329,0.1624
raw,MCI_to_AD,3,contrastive_euclidean_s,97,28,0.567287784679089,0.44462392770744597,0.6898946864040454,-0.09968127235234017,-0.20092497317088567,0.002079728359531913,0.0536
raw,MCI_to_AD,3,contrastive_euclidean_finetune,97,28,0.6490683229813665,0.5249176651951509,0.7696688400305343,-0.016677318899550722,-0.1237402453416082,0.09229208924949284,0.7584
raw,MCI_to_AD,3,contrastive_rank_kendall_basic_probe,97,28,0.6081780538302278,0.4711295605306799,0.7385449269144921,-0.05759028439579706,-0.15984016393442624,0.04790280284231876,0.286
raw,MCI_to_AD,3,contrastive_rank_kendall_basic_s,97,28,0.4342650103519669,0.3099968230694038,0.5605192643236121,-0.2322610259411337,-0.3474059794372294,-0.12387688837758475,0.0
raw,MCI_to_AD,3,contrastive_rank_kendall_basic_finetune,97,28,0.6247412008281573,0.4960998788230026,0.7479442959362925,-0.04095117346906269,-0.1577982279868469,0.07723215054912112,0.4992
raw,MCI_to_AD,3,contrastive_hybrid_basic_probe,97,28,0.5025879917184265,0.37681067554458064,0.6293183269476371,-0.16362675323048584,-0.27410675495760634,-0.05787486869747922,0.0032
raw,MCI_to_AD,3,contrastive_hybrid_basic_s,97,28,0.44616977225672877,0.3227848707664884,0.5753246753246753,-0.22011668898417092,-0.343291424111116,-0.09929090497063565,0.0
raw,MCI_to_AD,3,contrastive_hybrid_basic_finetune,97,28,0.6076604554865425,0.4788884976525822,0.7333333333333334,-0.058004103911699335,-0.17897799303890832,0.07109411812851142,0.3688
raw,MCI_to_AD,4,ridge_dhat_finetune,83,31,0.6991315136476427,0.579798624958458,0.8127298581048581,0.06793163098966563,-0.011789554531490094,0.15871004651860732,0.1024
raw,MCI_to_AD,4,ridge_dhat_all,83,31,0.6308933002481389,0.5061230742296918,0.7478804080760603,,,,
raw,MCI_to_AD,4,direct_logistic,83,31,0.5967741935483871,0.46792755399702085,0.7222281073446327,-0.032741595696328646,-0.17682143421884886,0.11429284874937043,0.6552
raw,MCI_to_AD,4,contrastive_euclidean_probe,83,31,0.5694789081885856,0.44151969018290405,0.6946428571428571,-0.061101764781146005,-0.15870098039215674,0.03428237542599239,0.2164
raw,MCI_to_AD,4,contrastive_euclidean_s,83,31,0.5514888337468983,0.42275783699059566,0.6773830007711585,-0.07971433642764623,-0.19168826473859846,0.036023437152638525,0.18
raw,MCI_to_AD,4,contrastive_euclidean_finetune,83,31,0.5049627791563275,0.3720214598997494,0.6402788877788875,-0.12505153706587815,-0.2610421433405304,0.012583435745439577,0.0776
raw,MCI_to_AD,4,contrastive_rank_kendall_basic_probe,83,31,0.5465260545905707,0.4194933049300061,0.6758644703448754,-0.08405323115231214,-0.18550749625187413,0.01861749597318338,0.1068
raw,MCI_to_AD,4,contrastive_rank_kendall_basic_s,83,31,0.4218362282878412,0.29787234042553196,0.5478831168831167,-0.20935528404586703,-0.3333333333333333,-0.0886111111111113,0.0016
raw,MCI_to_AD,4,contrastive_rank_kendall_basic_finetune,83,31,0.5359801488833746,0.4078768536428111,0.663126547900484,-0.09438657281983856,-0.2099608395989975,0.021383815962062347,0.1124
raw,MCI_to_AD,4,contrastive_hybrid_basic_probe,83,31,0.4540942928039702,0.3263073693649629,0.5846560846560847,-0.176679322830533,-0.3036735456894622,-0.052168485595259155,0.0096
raw,MCI_to_AD,4,contrastive_hybrid_basic_s,83,31,0.43424317617866004,0.3078787878787879,0.5635229453149984,-0.1966868389204455,-0.3270494756446356,-0.06249547101449282,0.0048
raw,MCI_to_AD,4,contrastive_hybrid_basic_finetune,83,31,0.489454094292804,0.3553538640032284,0.6235891178505301,-0.1408065050834331,-0.2843243687052985,0.007352941176470562,0.0592
raw,CN_to_MCI,2,ridge_dhat_finetune,102,7,0.5293233082706766,0.2962907268170426,0.7676767676767676,-0.09341270615378433,-0.245360824742268,0.045256706753006165,0.20092055233139883
raw,CN_to_MCI,2,ridge_dhat_all,102,7,0.6225563909774436,0.3715178571428572,0.8367417800453515,,,,
raw,CN_to_MCI,2,direct_logistic,102,7,0.37744360902255636,0.15338345864661657,0.6285239361702125,-0.24673477584671083,-0.5625,0.06466165413533832,0.11286772063237943
raw,CN_to_MCI,2,contrastive_euclidean_probe,102,7,0.5278195488721804,0.2983968850698174,0.7611615143369169,-0.09455788640813821,-0.36327269787371647,0.1505129471143296,0.44106463878326996
raw,CN_to_MCI,2,contrastive_euclidean_s,102,7,0.5548872180451128,0.3029356060606061,0.7752829791710496,-0.0667988387698026,-0.3775618758141555,0.2167553191489362,0.6567940764458675
raw,CN_to_MCI,2,contrastive_euclidean_finetune,102,7,0.22556390977443608,0.09764309764309764,0.37501493428912774,-0.39818159447304885,-0.6970081615120276,-0.06614681032478113,0.022013207924754852
raw,CN_to_MCI,2,contrastive_rank_kendall_basic_probe,102,7,0.4390977443609022,0.2741725447639718,0.6392204979162094,-0.1840670518046732,-0.4206185567010309,0.058866728509584645,0.12047228337002201
raw,CN_to_MCI,2,contrastive_rank_kendall_basic_s,102,7,0.5398496240601504,0.31884164777021917,0.7660978132387699,-0.0814011062704657,-0.4457181259600615,0.3248308270676691,0.6459875925555333
raw,CN_to_MCI,2,contrastive_rank_kendall_basic_finetune,102,7,0.3308270676691729,0.10821801979696719,0.5820927318295732,-0.29286157297416454,-0.6996875,0.15056335034013574,0.17730638383029818
raw,CN_to_MCI,2,contrastive_hybrid_basic_probe,102,7,0.5338345864661653,0.3113340051158825,0.744107744107744,-0.0888017668961098,-0.31343048703873444,0.10439857761286328,0.4026415849509706
raw,CN_to_MCI,2,contrastive_hybrid_basic_s,102,7,0.5278195488721804,0.3416956144159792,0.7154964731416167,-0.09417604689292011,-0.4387868480725624,0.2916666666666667,0.5879527716629978
raw,CN_to_MCI,2,contrastive_hybrid_basic_finetune,102,7,0.2857142857142857,0.11625286041189932,0.4742531033031768,-0.33790956630936825,-0.6786842105263157,0.04660210258614477,0.08284970982589554
raw,CN_to_MCI,3,ridge_dhat_finetune,78,13,0.5704142011834319,0.4040398403679654,0.7285714285714285,-0.0638013062668966,-0.17076560928068407,0.037181768822393546,0.2248
raw,CN_to_MCI,3,ridge_dhat_all,78,13,0.6343195266272189,0.45159152003910064,0.7976331360946746,,,,
raw,CN_to_MCI,3,direct_logistic,78,13,0.5254437869822486,0.3461062536075983,0.7109451275887573,-0.10886561281901061,-0.3437541335978836,0.12486253543564596,0.36
raw,CN_to_MCI,3,contrastive_euclidean_probe,78,13,0.5289940828402367,0.3554778192371476,0.7100591715976331,-0.10556470900495396,-0.29715632112531193,0.07246376811594202,0.2484
raw,CN_to_MCI,3,contrastive_euclidean_s,78,13,0.5905325443786983,0.42352941176470593,0.7491346153846151,-0.04407617036209632,-0.25765304196859906,0.16230694996363806,0.6836
raw,CN_to_MCI,3,contrastive_euclidean_finetune,78,13,0.5159763313609468,0.3264705882352941,0.701390931372549,-0.11928895765314383,-0.32500704508856676,0.0757575757575758,0.2584
raw,CN_to_MCI,3,contrastive_rank_kendall_basic_probe,78,13,0.501775147928994,0.3419994848901099,0.6642857142857143,-0.133854977775548,-0.31186868686868685,0.05441176470588238,0.1504
raw,CN_to_MCI,3,contrastive_rank_kendall_basic_s,78,13,0.5337278106508876,0.3650772113458681,0.7014925373134329,-0.10079114998507087,-0.3417448171228413,0.14707553475935808,0.414
raw,CN_to_MCI,3,contrastive_rank_kendall_basic_finetune,78,13,0.6106508875739645,0.44497041420118344,0.7652645861601085,-0.024166659144945094,-0.2053571428571428,0.15714285714285714,0.7932
raw,CN_to_MCI,3,contrastive_hybrid_basic_probe,78,13,0.4307692307692308,0.2428463203463203,0.6312417654808958,-0.20245488492870864,-0.4052431622290494,-0.0203490125131918,0.03
raw,CN_to_MCI,3,contrastive_hybrid_basic_s,78,13,0.5940828402366864,0.4220588235294118,0.7513227513227513,-0.041282369843804574,-0.29912946428571424,0.22796575832956414,0.766
raw,CN_to_MCI,3,contrastive_hybrid_basic_finetune,78,13,0.5408284023668639,0.3607030980417529,0.7196969696969697,-0.0943957489047954,-0.311781581485053,0.12037581699346406,0.3996
raw,CN_to_MCI,4,ridge_dhat_finetune,71,15,0.5607142857142857,0.3917893638300648,0.7188382594417076,-0.028576717218475545,-0.14432428562816496,0.0952418388739144,0.6156
raw,CN_to_MCI,4,ridge_dhat_all,71,15,0.5892857142857143,0.4190782059950417,0.7493734335839599,,,,
raw,CN_to_MCI,4,direct_logistic,71,15,0.6047619047619048,0.4318181818181819,0.7723864003228408,0.01652282920377337,-0.2214366424535916,0.2347505224660397,0.868
raw,CN_to_MCI,4,contrastive_euclidean_probe,71,15,0.4630952380952381,0.3102161561264822,0.6236559139784944,-0.12538789737774514,-0.373174713281539,0.12623553519768554,0.33
raw,CN_to_MCI,4,contrastive_euclidean_s,71,15,0.5869047619047619,0.43112865638058506,0.7343405388471177,-0.0027098753172012484,-0.20262196390492532,0.18690720917014017,0.9948
raw,CN_to_MCI,4,contrastive_euclidean_finetune,71,15,0.6130952380952381,0.4285666919287609,0.7988697240259739,0.025250039056856365,-0.17046578068823828,0.21352707749766534,0.7836
raw,CN_to_MCI,4,contrastive_rank_kendall_basic_probe,71,15,0.5380952380952381,0.3620919913419913,0.711782581453634,-0.051801969370327154,-0.2712421608319441,0.15891148325358842,0.6444
raw,CN_to_MCI,4,contrastive_rank_kendall_basic_s,71,15,0.569047619047619,0.40318302387267907,0.720240617433414,-0.018907168967446375,-0.25599053414469236,0.21353758169934595,0.874
raw,CN_to_MCI,4,contrastive_rank_kendall_basic_finetune,71,15,0.5428571428571429,0.3620648604269294,0.73078431372549,-0.0447888731777904,-0.2631155711760596,0.16094353414983978,0.6796
raw,CN_to_MCI,4,contrastive_hybrid_basic_probe,71,15,0.3976190476190476,0.2490965821812596,0.5598066448801743,-0.1915535253666184,-0.38476190476190464,0.002570621468926452,0.0544
raw,CN_to_MCI,4,contrastive_hybrid_basic_s,71,15,0.6095238095238096,0.4585893865121806,0.75,0.020922530864859148,-0.21472670647206246,0.2589772727272728,0.8632
raw,CN_to_MCI,4,contrastive_hybrid_basic_finetune,71,15,0.5761904761904763,0.38181573802541546,0.7666737288135592,-0.011921892381755268,-0.23691715611974237,0.19926691729323265,0.9344
combat,MCI_to_AD,2,ridge_dhat_finetune,123,16,0.7505841121495327,0.6127331281157752,0.8691358024691358,0.05854778583612393,-0.039042084042083945,0.1771874594122299,0.2832
combat,MCI_to_AD,2,ridge_dhat_all,123,16,0.691588785046729,0.560137987012987,0.8148513398523132,,,,
combat,MCI_to_AD,2,direct_logistic,123,16,0.5823598130841121,0.427659973521624,0.7321551441677587,-0.10927313161371506,-0.2810566448801743,0.055357115145011876,0.1836
combat,MCI_to_AD,2,contrastive_euclidean_probe,123,16,0.5625,0.4106163279798973,0.7185337944219521,-0.12820337441149643,-0.2242725251792033,-0.040480965763924494,0.0036
combat,MCI_to_AD,2,contrastive_euclidean_s,123,16,0.4924065420560747,0.32304572593563413,0.6553213987847014,-0.19923238711979951,-0.4692391304347826,0.06433791698497583,0.138
combat,MCI_to_AD,2,contrastive_euclidean_finetune,123,16,0.5876168224299065,0.44727978562780174,0.7240282080305016,-0.10348527644114419,-0.2221512305227902,0.007800751879699199,0.0684
combat,MCI_to_AD,2,contrastive_rank_kendall_basic_probe,123,16,0.544392523364486,0.37499061561561564,0.7146872162243972,-0.1461575273913588,-0.24506172839506163,-0.047144718027071125,0.002
combat,MCI_to_AD,2,contrastive_rank_kendall_basic_s,123,16,0.47663551401869164,0.3150385119632907,0.6438791763791764,-0.21370979387894276,-0.31975308641975303,-0.11258136924803604,0.0
combat,MCI_to_AD,2,contrastive_rank_kendall_basic_finetune,123,16,0.45969626168224303,0.29453119249171883,0.6327850352602824,-0.23117707560914014,-0.3486238532110091,-0.1232480148022512,0.0
combat,MCI_to_AD,2,contrastive_hybrid_basic_probe,123,16,0.5210280373831776,0.35943684633950124,0.6895061728395061,-0.16987998805338345,-0.26667314095449507,-0.08029190063876043,0.0008
combat,MCI_to_AD,2,contrastive_hybrid_basic_s,123,16,0.4906542056074767,0.3335139207993196,0.654958620124549,-0.20050706319170117,-0.3224344610227542,-0.08284465899597483,0.002
combat,MCI_to_AD,2,contrastive_hybrid_basic_finetune,123,16,0.5800233644859812,0.42327533577533577,0.7287150164116956,-0.1108046280177769,-0.234578480579054,0.004603538663171531,0.0652
combat,MCI_to_AD,3,ridge_dhat_finetune,97,28,0.7531055900621118,0.6308280476941734,0.8616813294232649,0.06260985675822363,-0.024863784103220658,0.1519549062049061,0.168
combat,MCI_to_AD,3,ridge_dhat_all,97,28,0.68944099378882,0.5730150103519669,0.7975140208050655,,,,
combat,MCI_to_AD,3,direct_logistic,97,28,0.6620082815734989,0.5244354987419176,0.7878318903318904,-0.026091927304210363,-0.16874023597444976,0.11957266229898715,0.7168
combat,MCI_to_AD,3,contrastive_euclidean_probe,97,28,0.5248447204968945,0.3983967997613117,0.6534115829346092,-0.1639651291978116,-0.26598485284524764,-0.06121340162185222,0.004
combat,MCI_to_AD,3,contrastive_euclidean_s,97,28,0.5289855072463768,0.39552238805970147,0.6579069957502449,-0.16109251608276978,-0.36553183040078197,0.04556015037593969,0.1232
combat,MCI_to_AD,3,contrastive_euclidean_finetune,97,28,0.6174948240165631,0.4826508303552659,0.7485311398354877,-0.07032207763861059,-0.19253754519328825,0.05483870967741944,0.278
combat,MCI_to_AD,3,contrastive_rank_kendall_basic_probe,97,28,0.5476190476190476,0.4132304987212276,0.6815079559905348,-0.140971624829883,-0.23166666666666658,-0.05690979837750716,0.0004
combat,MCI_to_AD,3,contrastive_rank_kendall_basic_s,97,28,0.4399585921325052,0.31391966540404037,0.5695044514270751,-0.24945783677863181,-0.35278108465608465,-0.15010010627772175,0.0
combat,MCI_to_AD,3,contrastive_rank_kendall_basic_finetune,97,28,0.5905797101449275,0.4592550505050505,0.7240941121844187,-0.09710396402134192,-0.2006354957441914,0.0065046948356807304,0.0628
combat,MCI_to_AD,3,contrastive_hybrid_basic_probe,97,28,0.4906832298136646,0.36221484528006265,0.6231701683204113,-0.19803671195237324,-0.3009879268162962,-0.09552069199457282,0.0004
combat,MCI_to_AD,3,contrastive_hybrid_basic_s,97,28,0.4389233954451346,0.3168252840909091,0.5714345238095238,-0.2497908756906555,-0.3724355533120737,-0.12732919254658392,0.0
combat,MCI_to_AD,3,contrastive_hybrid_basic_finetune,97,28,0.59472049689441,0.45528612012987013,0.731092903828198,-0.09285943213477722,-0.22146226035445793,0.037015276145710874,0.1716
combat,MCI_to_AD,4,ridge_dhat_finetune,83,31,0.7270471464019851,0.6047197135559205,0.8427624521072797,0.06578000616224895,-0.024015155707673135,0.15901446764210922,0.1532
combat,MCI_to_AD,4,ridge_dhat_all,83,31,0.6606699751861043,0.5372541788093987,0.775425890695261,,,,
combat,MCI_to_AD,4,direct_logistic,83,31,0.5136476426799008,0.3787495074658216,0.644657863145258,-0.14598336970218972,-0.30552883646114143,0.023312506820910132,0.0944
combat,MCI_to_AD,4,contrastive_euclidean_probe,83,31,0.4832506203473946,0.3524881891681278,0.6144191749026654,-0.17687703650911393,-0.2958303426624003,-0.05882055251250303,0.0032
combat,MCI_to_AD,4,contrastive_euclidean_s,83,31,0.5260545905707196,0.3949685534591195,0.6556993779030947,-0.13519177841299493,-0.33685274403016335,0.0742320574162678,0.2032
combat,MCI_to_AD,4,contrastive_euclidean_finetune,83,31,0.4993796526054591,0.3684848484848485,0.6292207792207792,-0.16043108135181328,-0.31131214551577463,-0.0026406395891692067,0.0468
combat,MCI_to_AD,4,contrastive_rank_kendall_basic_probe,83,31,0.4801488833746898,0.3515076047834669,0.6123956830626521,-0.17975140205127316,-0.28631936107776446,-0.07939321789321786,0.0004
combat,MCI_to_AD,4,contrastive_rank_kendall_basic_s,83,31,0.4280397022332506,0.30726970858005337,0.5601456467795879,-0.23196349331055352,-0.3439249808815026,-0.11927028515588742,0.0
combat,MCI_to_AD,4,contrastive_rank_kendall_basic_finetune,83,31,0.5285359801488834,0.3989330040526849,0.6569740259740259,-0.13110933329379926,-0.24469128076762622,-0.017363970868603702,0.022
combat,MCI_to_AD,4,contrastive_hybrid_basic_probe,83,31,0.4528535980148884,0.32318445322793143,0.5862282878411911,-0.20732859466312747,-0.3307934883909396,-0.08636569872958277,0.0012
combat,MCI_to_AD,4,contrastive_hybrid_basic_s,83,31,0.42369727047146405,0.29787118408880664,0.5542784163473818,-0.2367567368062325,-0.36969727032227034,-0.10666369047619048,0.0016
combat,MCI_to_AD,4,contrastive_hybrid_basic_finetune,83,31,0.5136476426799008,0.38356214287765245,0.6398365188123571,-0.14647870600944804,-0.2904411764705882,0.0030019280439447966,0.0552
combat,CN_to_MCI,2,ridge_dhat_finetune,102,7,0.5458646616541354,0.2601147197891636,0.8194593787335722,-0.0381112948837812,-0.18112244897959182,0.0817168104355139,0.5831498899339603
combat,CN_to_MCI,2,ridge_dhat_all,102,7,0.5834586466165413,0.3353151495760678,0.8090277777777778,,,,
combat,CN_to_MCI,2,direct_logistic,102,7,0.32631578947368417,0.14404920212765954,0.5782072368421048,-0.25788878806506865,-0.5864930182599356,0.07691077441077412,0.12047228337002201
combat,CN_to_MCI,2,contrastive_euclidean_probe,102,7,0.47067669172932336,0.2687971859986273,0.6527777777777777,-0.11217047689387882,-0.331702470461869,0.14226804123711345,0.34460676405843504
combat,CN_to_MCI,2,contrastive_euclidean_s,102,7,0.6421052631578947,0.4355843625599674,0.8368055555555556,0.05872115111986733,-0.14021617925520719,0.2630434782608695,0.5479287572543526
combat,CN_to_MCI,2,contrastive_euclidean_finetune,102,7,0.3278195488721805,0.17918505942275043,0.4767266380236303,-0.25593116187263504,-0.5118815708101422,0.06631970551378373,0.10966579947968781
combat,CN_to_MCI,2,contrastive_rank_kendall_basic_probe,102,7,0.5218045112781955,0.27493055555555557,0.7546854618135912,-0.062383801442930834,-0.4076641526175687,0.23521660451853388,0.7244346607964779
combat,CN_to_MCI,2,contrastive_rank_kendall_basic_s,102,7,0.5744360902255639,0.3245854591836735,0.8367346938775511,-0.007731142438083851,-0.3563954440556839,0.35882409793814396,0.9669801881128677
combat,CN_to_MCI,2,contrastive_rank_kendall_basic_finetune,102,7,0.31278195488721805,0.10965232484746475,0.5479320451584886,-0.2709656152935902,-0.6577750894172102,0.1550434782608693,0.19131478887332398
combat,CN_to_MCI,2,contrastive_hybrid_basic_probe,102,7,0.5609022556390977,0.3322094464885618,0.7777777777777777,-0.021592135617010098,-0.20795345513932834,0.20150644468313644,0.7808685211126676
combat,CN_to_MCI,2,contrastive_hybrid_basic_s,102,7,0.5278195488721804,0.3443298969072165,0.7100731382978724,-0.05491877726193631,-0.3814638626891863,0.3131583880037487,0.7260356213728237
combat,CN_to_MCI,2,contrastive_hybrid_basic_finetune,102,7,0.39849624060150374,0.24536082474226806,0.5474769397721101,-0.18540630126590107,-0.43877551020408156,0.0888659793814422,0.1604962977786672
combat,CN_to_MCI,3,ridge_dhat_finetune,78,13,0.5633136094674556,0.38186642228612755,0.7341682566821951,-0.02489831378547592,-0.13432835820895517,0.07828282828282818,0.6768
combat,CN_to_MCI,3,ridge_dhat_all,78,13,0.5881656804733728,0.40828240252897785,0.7588406385281385,,,,
combat,CN_to_MCI,3,direct_logistic,78,13,0.5810650887573965,0.4118343195266272,0.7476255088195387,-0.006286188835325726,-0.2605205708470634,0.2410808601609657,0.9612
combat,CN_to_MCI,3,contrastive_euclidean_probe,78,13,0.5822485207100592,0.42622465806576776,0.7310789049919484,-0.005932276560345157,-0.17775246428286384,0.17038435146134318,0.9484
combat,CN_to_MCI,3,contrastive_euclidean_s,78,13,0.46272189349112425,0.2836992101864921,0.6441620138858493,-0.1250838891641505,-0.3616239520740454,0.09737965131407723,0.2908
combat,CN_to_MCI,3,contrastive_euclidean_finetune,78,13,0.48520710059171596,0.29522400676246824,0.6770691994572592,-0.10335041690209378,-0.3123993558776168,0.08955459445198245,0.322
combat,CN_to_MCI,3,contrastive_rank_kendall_basic_probe,78,13,0.6106508875739646,0.44411764705882356,0.7647106185469357,0.021997555899778132,-0.218434814563546,0.2378706575682382,0.8328
combat,CN_to_MCI,3,contrastive_rank_kendall_basic_s,78,13,0.5857988165680473,0.40826612903225806,0.7600701548735436,-0.003690724332965799,-0.23393834530853766,0.22541279233586894,0.9768
combat,CN_to_MCI,3,contrastive_rank_kendall_basic_finetune,78,13,0.5763313609467455,0.4042316540142627,0.7439728099120081,-0.010300690785125627,-0.25003019323671494,0.21270502645502648,0.9724
combat,CN_to_MCI,3,contrastive_hybrid_basic_probe,78,13,0.6035502958579881,0.4357115800865801,0.7652735965061058,0.01632846741823869,-0.11364019900061367,0.1515151515151515,0.8136
combat,CN_to_MCI,3,contrastive_hybrid_basic_s,78,13,0.6307692307692307,0.47824631211180124,0.7790277048319327,0.041971715084355515,-0.195773780823805,0.287581585081585,0.7356
combat,CN_to_MCI,3,contrastive_hybrid_basic_finetune,78,13,0.501775147928994,0.3161757223242078,0.6875612793624617,-0.0864876142192345,-0.29716951037522094,0.11020273297491012,0.4332
combat,CN_to_MCI,4,ridge_dhat_finetune,71,15,0.5702380952380952,0.4030374155311842,0.7276738454944819,0.011821908821359771,-0.09887005649717506,0.12142958030669884,0.8464
combat,CN_to_MCI,4,ridge_dhat_all,71,15,0.5583333333333333,0.3952254641909815,0.7146303489949435,,,,
combat,CN_to_MCI,4,direct_logistic,71,15,0.6178571428571429,0.4363395225464191,0.7857305194805192,0.06134646414746653,-0.21366477272727272,0.2991228329859793,0.618
combat,CN_to_MCI,4,contrastive_euclidean_probe,71,15,0.4154761904761905,0.25000000000000006,0.5955045782193648,-0.14158999436220943,-0.3320091093117409,0.0344837848932677,0.124
combat,CN_to_MCI,4,contrastive_euclidean_s,71,15,0.46904761904761905,0.30922098341909665,0.6360680738597807,-0.08801138775275334,-0.3087123062962445,0.12005649717514122,0.4284
combat,CN_to_MCI,4,contrastive_euclidean_finetune,71,15,0.5797619047619048,0.4047619047619048,0.7494689542483658,0.022995668509172947,-0.18134248982611922,0.22175141242937846,0.8164
combat,CN_to_MCI,4,contrastive_rank_kendall_basic_probe,71,15,0.4904761904761905,0.3163841807909604,0.6750620655412114,-0.06802856136773307,-0.33336864406779665,0.18102093494195792,0.6092
combat,CN_to_MCI,4,contrastive_rank_kendall_basic_s,71,15,0.5880952380952381,0.42354340151453906,0.7432021563342316,0.030767287476500142,-0.17213577845697886,0.22634822110662448,0.764
combat,CN_to_MCI,4,contrastive_rank_kendall_basic_finetune,71,15,0.5547619047619048,0.36590909090909096,0.7381371753246747,-0.0024086505426259563,-0.2848629002576371,0.26177195091873207,0.9992
combat,CN_to_MCI,4,contrastive_hybrid_basic_probe,71,15,0.39880952380952384,0.24285714285714288,0.5712137888317131,-0.15868757852076001,-0.3524710703953713,0.028314891001087535,0.1044
combat,CN_to_MCI,4,contrastive_hybrid_basic_s,71,15,0.6261904761904762,0.4823489809763797,0.7599755129394781,0.06852289503958188,-0.14549245781174994,0.2830235967276682,0.5092
combat,CN_to_MCI,4,contrastive_hybrid_basic_finetune,71,15,0.5678571428571428,0.3726775451559934,0.7627126952475906,0.01174008051940622,-0.23337002096436063,0.24561775200713643,0.9316
