version,task,horizon_years,method,n,n_converters,auc,ci_lo,ci_hi,delta_vs_ridge_dhat,delta_ci_lo,delta_ci_hi,delta_p
raw,MCI_to_AD,2,ridge_d_hat,65,14,0.7563025210084033,0.6064130915524104,0.8853380471380471,,,,
raw,MCI_to_AD,2,direct_logistic,65,14,0.5294117647058824,0.36194294200587107,0.6919289044289043,-0.22685847928426556,-0.3690909090909092,-0.08080808080808088,0.0032
raw,MCI_to_AD,2,oracle_true_d_mod3,65,14,0.6624649859943977,0.49881688047559447,0.8108755641521599,-0.09401764209273701,-0.2185629954225745,0.025372093023255736,0.1144
raw,MCI_to_AD,2,rasper_kendall,65,14,0.5434173669467787,0.36982062055591475,0.7100928755340518,-0.2130580194250615,-0.36026997920380266,-0.06403416832617126,0.0072
raw,MCI_to_AD,3,ridge_d_hat,51,19,0.8174342105263157,0.685483870967742,0.9276550751879696,,,,
raw,MCI_to_AD,3,direct_logistic,51,19,0.6759868421052632,0.5148148148148148,0.8203968253968249,-0.1427484560747545,-0.28413660413660424,-0.004836789554531451,0.0428
raw,MCI_to_AD,3,oracle_true_d_mod3,51,19,0.6858552631578947,0.5235554558745348,0.8397741312741311,-0.13226163290747364,-0.2812689230103806,-0.002266516378358617,0.0432
raw,MCI_to_AD,3,rasper_kendall,51,19,0.65625,0.48922993827160494,0.8047638248847926,-0.16197331598141249,-0.3032362544077315,-0.030887435054101776,0.0152
raw,MCI_to_AD,4,ridge_d_hat,45,22,0.7648221343873518,0.6072838345864663,0.8968253968253969,,,,
raw,MCI_to_AD,4,direct_logistic,45,22,0.642292490118577,0.46848469625004147,0.8060081027667984,-0.12184376171825502,-0.2819999999999999,0.027777777777777683,0.1168
raw,MCI_to_AD,4,oracle_true_d_mod3,45,22,0.6640316205533597,0.48595474308300396,0.816,-0.10080941578678419,-0.2648287362000817,0.05801761133603218,0.2172
raw,MCI_to_AD,4,rasper_kendall,45,22,0.6422924901185771,0.473236979977176,0.8115137603624445,-0.1217080615416417,-0.27667984189723327,0.02429149797570851,0.1164
raw,CN_to_MCI,2,ridge_d_hat,59,5,0.788888888888889,0.5789473684210527,0.9469824561403507,,,,
raw,CN_to_MCI,2,direct_logistic,59,5,0.3074074074074074,0.14880952380952378,0.47787211740041924,-0.4817487294646902,-0.7183333333333334,-0.19047619047619052,0.007224563515954244
raw,CN_to_MCI,2,oracle_true_d_mod3,59,5,0.6518518518518519,0.4407407407407407,0.8481481481481481,-0.1374491122231107,-0.4325,0.19562556154537256,0.3700581978727674
raw,CN_to_MCI,2,rasper_kendall,59,5,0.3296296296296296,0.1681818181818182,0.5,-0.4598552334184203,-0.710691823899371,-0.1461212121212124,0.012040939193257074
raw,CN_to_MCI,3,ridge_d_hat,49,9,0.65,0.46794871794871795,0.8277777777777778,,,,
raw,CN_to_MCI,3,direct_logistic,49,9,0.34444444444444444,0.17378048780487804,0.5374149659863945,-0.3063351932594331,-0.6029545454545455,-0.006019955654101723,0.048409681936387276
raw,CN_to_MCI,3,oracle_true_d_mod3,49,9,0.5777777777777778,0.4136067193675889,0.7393135435992583,-0.07118751805166337,-0.30858517608517616,0.1702292594425203,0.5725145029005801
raw,CN_to_MCI,3,rasper_kendall,49,9,0.3472222222222222,0.17450524395804837,0.5335365853658537,-0.30401006856711404,-0.6,-0.005505050505050301,0.048409681936387276
raw,CN_to_MCI,4,ridge_d_hat,42,9,0.6498316498316499,0.45209558823529405,0.8215524615524616,,,,
raw,CN_to_MCI,4,direct_logistic,42,9,0.3872053872053872,0.22038482255072114,0.5621790540540541,-0.26376264954361056,-0.533091986794718,0.03441578079178905,0.08641728345669134
raw,CN_to_MCI,4,oracle_true_d_mod3,42,9,0.5858585858585859,0.41202342047930285,0.7551020408163265,-0.061754697230167535,-0.29605263157894735,0.18368097238895564,0.6177235447089418
raw,CN_to_MCI,4,rasper_kendall,42,9,0.3771043771043771,0.20661352040816325,0.5551470588235294,-0.27429769242637875,-0.5526315789473684,0.030350378787878933,0.07961592318463692
combat,MCI_to_AD,2,ridge_d_hat,65,14,0.7801120448179272,0.628909517613161,0.9082951770451769,,,,
combat,MCI_to_AD,2,direct_logistic,65,14,0.5588235294117647,0.3831321603927986,0.7236363636363636,-0.2215343872487153,-0.36540178571428567,-0.08823066962634118,0.0008
combat,MCI_to_AD,2,oracle_true_d_mod3,65,14,0.6624649859943977,0.49881688047559447,0.8108755641521599,-0.11812710099212247,-0.24533333333333318,0.005057575757575689,0.0616
combat,MCI_to_AD,2,rasper_kendall,65,14,0.5784313725490196,0.3934871794871795,0.7507180838437068,-0.20213053583748483,-0.34545454545454546,-0.07142857142857151,0.002
combat,MCI_to_AD,3,ridge_d_hat,51,19,0.8256578947368421,0.6952861952861953,0.9338461538461539,,,,
combat,MCI_to_AD,3,direct_logistic,51,19,0.700657894736842,0.5446153846153846,0.835719111969112,-0.1258503029654678,-0.2571536796536795,-0.006445602083750858,0.0432
combat,MCI_to_AD,3,oracle_true_d_mod3,51,19,0.6858552631578947,0.5235554558745348,0.8397741312741311,-0.14029239355762238,-0.2857142857142857,-0.008093149540517985,0.0384
combat,MCI_to_AD,3,rasper_kendall,51,19,0.6842105263157895,0.5242207556646946,0.8267857142857143,-0.1422154427274194,-0.2777777777777777,-0.015570934256055487,0.0244
combat,MCI_to_AD,4,ridge_d_hat,45,22,0.7608695652173912,0.6031746031746033,0.8932986166007904,,,,
combat,MCI_to_AD,4,direct_logistic,45,22,0.6403162055335968,0.466403162055336,0.8036526315789472,-0.11991969691223614,-0.2822516869095817,0.031746031746031744,0.1328
combat,MCI_to_AD,4,oracle_true_d_mod3,45,22,0.6640316205533597,0.48595474308300396,0.816,-0.09686263252261311,-0.2589024300980822,0.06522386128364376,0.23
combat,MCI_to_AD,4,rasper_kendall,45,22,0.6561264822134387,0.487639687100894,0.8234245469442837,-0.10417365029709418,-0.26955467372134045,0.05060728744939269,0.1996
combat,CN_to_MCI,2,ridge_d_hat,59,5,0.8111111111111111,0.6842105263157895,0.9240196078431372,,,,
combat,CN_to_MCI,2,direct_logistic,59,5,0.32222222222222224,0.1530817610062893,0.509090909090909,-0.4915398731174053,-0.722359584859585,-0.2288894405825888,0.0
combat,CN_to_MCI,2,oracle_true_d_mod3,59,5,0.6518518518518519,0.4407407407407407,0.8481481481481481,-0.16039775210046237,-0.368421052631579,0.06140350877192984,0.14970901063616296
combat,CN_to_MCI,2,rasper_kendall,59,5,0.3851851851851852,0.2380952380952381,0.5363636363636364,-0.427081863884992,-0.6052631578947368,-0.2407407407407408,0.0
combat,CN_to_MCI,3,ridge_d_hat,49,9,0.6555555555555557,0.4863636363636364,0.8115942028985507,,,,
combat,CN_to_MCI,3,direct_logistic,49,9,0.40555555555555556,0.22777777777777777,0.5942149758454106,-0.25284278891487616,-0.5374672946101517,0.05277777777777771,0.09761952390478096
combat,CN_to_MCI,3,oracle_true_d_mod3,49,9,0.5777777777777778,0.4136067193675889,0.7393135435992583,-0.07765464037768667,-0.2755102040816326,0.13414634146341453,0.4832966593318664
combat,CN_to_MCI,3,rasper_kendall,49,9,0.3972222222222222,0.22777777777777775,0.5750609756097563,-0.26081569508748637,-0.524390243902439,0.010249433106576143,0.0604120824164833
combat,CN_to_MCI,4,ridge_d_hat,42,9,0.6464646464646464,0.46486486486486484,0.8088235294117647,,,,
combat,CN_to_MCI,4,direct_logistic,42,9,0.4511784511784512,0.2625,0.648665195808053,-0.1970860204842034,-0.4780112957532312,0.10850439882697943,0.1868373674734947
combat,CN_to_MCI,4,oracle_true_d_mod3,42,9,0.5858585858585859,0.41202342047930285,0.7551020408163265,-0.058675653608374186,-0.27346938775510204,0.16332572502685314,0.5973194638927786
combat,CN_to_MCI,4,rasper_kendall,42,9,0.4377104377104377,0.24039860975344848,0.6433823529411764,-0.21168436264194873,-0.490787037037037,0.09565257352941199,0.15363072614522905
