run_set,stage,method,CN_MCI_AD,CN_vs_AD,CN_vs_MCI,MCI_vs_AD
budget20_eff128,direct_full_downstream,direct_full_downstream,0.6975822630816717,0.8958039215686274,0.6021776061776063,0.769399651752593
budget20_eff128,direct_lora_downstream,direct_lora_downstream,0.7003769452868696,0.904235294117647,0.5967876447876448,0.7926792338557044
budget20_eff128,frozen_feature,baseline_raw,0.6605365960924287,0.8600392156862745,0.5767413127413128,0.7616019380725263
budget20_eff128,frozen_feature,contrastive_euclidean_probe,0.6356426557154489,0.7683921568627451,0.5848494208494208,0.7049360284654402
budget20_eff128,frozen_feature,contrastive_euclidean_s,,0.5301568627450981,0.5293745173745174,0.4989022636081459
budget20_eff128,frozen_feature,contrastive_hybrid_basic_probe,0.6213950464824728,0.7425882352941177,0.5753822393822394,0.6811643576349459
budget20_eff128,frozen_feature,contrastive_hybrid_basic_s,,0.6460784313725491,0.4904092664092663,0.6577333636157165
budget20_eff128,frozen_feature,contrastive_rank_kendall_basic_probe,0.6466993161317854,0.7693333333333333,0.5905328185328185,0.7234839881898705
budget20_eff128,frozen_feature,contrastive_rank_kendall_basic_s,,0.739764705882353,0.5458069498069498,0.7144371262018322
budget20_eff128,frozen_feature,contrastive_regress_d_probe,0.6349352003739045,0.7732549019607843,0.5673204633204633,0.7107653872359755
budget20_eff128,frozen_feature,contrastive_regress_d_s,,0.771843137254902,0.5505637065637066,0.7312059959118783
budget20_eff128,frozen_feature,ridge_dhat_all,,0.8257647058823531,0.5992123552123552,0.7447573624044213
budget20_eff128,frozen_feature,ridge_dhat_finetune,,0.8257647058823531,0.5992123552123552,0.7447573624044213
budget20_eff128,lora_euclidean,baseline_raw,0.66015695032645,0.859686274509804,0.5764787644787646,0.7617912029676736
budget20_eff128,lora_euclidean,contrastive_euclidean_probe,0.645475254705061,0.8025490196078432,0.5882471042471042,0.7309031720796427
budget20_eff128,lora_euclidean,contrastive_euclidean_s,,0.6032941176470588,0.5952432432432433,0.5092739798622152
budget20_eff128,lora_euclidean,contrastive_hybrid_basic_probe,0.6223636155003124,0.7755294117647059,0.5800617760617761,0.6982360511772276
budget20_eff128,lora_euclidean,contrastive_hybrid_basic_s,,0.7645882352941177,0.5771428571428571,0.6834355363767128
budget20_eff128,lora_euclidean,contrastive_rank_kendall_basic_probe,0.6586911070690872,0.8037647058823529,0.5942702702702702,0.7530093118328414
budget20_eff128,lora_euclidean,contrastive_rank_kendall_basic_s,,0.7634509803921569,0.5675984555984557,0.701377848436672
budget20_eff128,lora_euclidean,contrastive_regress_d_probe,0.6557871987091478,0.808235294117647,0.588046332046332,0.7519494284200167
budget20_eff128,lora_euclidean,contrastive_regress_d_s,,0.7898039215686274,0.5888030888030888,0.715610568551745
budget20_eff128,lora_euclidean,ridge_dhat_all,,0.8257254901960785,0.5992586872586871,0.7447952153834506
budget20_eff128,lora_euclidean,ridge_dhat_finetune,,0.8257254901960785,0.5992586872586871,0.7447952153834506
budget20_eff128,lora_hybrid_basic,baseline_raw,0.6441187587422889,0.801843137254902,0.5748571428571428,0.750548868195927
budget20_eff128,lora_hybrid_basic,contrastive_euclidean_probe,0.5794796597249031,0.7018039215686275,0.5424092664092663,0.6500870618517677
budget20_eff128,lora_hybrid_basic,contrastive_euclidean_s,,0.3084705882352941,0.4522625482625483,0.360246801423272
budget20_eff128,lora_hybrid_basic,contrastive_hybrid_basic_probe,0.5822535173986693,0.7092941176470589,0.5434440154440154,0.655500037852979
budget20_eff128,lora_hybrid_basic,contrastive_hybrid_basic_s,,0.7142745098039216,0.5463474903474903,0.6589825119236883
budget20_eff128,lora_hybrid_basic,contrastive_rank_kendall_basic_probe,0.6319483423795427,0.765686274509804,0.5629498069498069,0.7350291467938526
budget20_eff128,lora_hybrid_basic,contrastive_rank_kendall_basic_s,,0.709843137254902,0.5511660231660233,0.6572034219093043
budget20_eff128,lora_hybrid_basic,contrastive_regress_d_probe,0.6156325379881421,0.759686274509804,0.5524015444015444,0.7198879551820728
budget20_eff128,lora_hybrid_basic,contrastive_regress_d_s,,0.7490980392156862,0.5503629343629344,0.6961541373306079
budget20_eff128,lora_hybrid_basic,ridge_dhat_all,,0.7813333333333333,0.5454054054054054,0.7303732303732304
budget20_eff128,lora_hybrid_basic,ridge_dhat_finetune,,0.7813333333333333,0.5454054054054054,0.7303732303732304
budget20_eff128,lora_regress_d,baseline_raw,0.6622026990840694,0.8548627450980392,0.5823629343629344,0.7407449466272995
budget20_eff128,lora_regress_d,contrastive_euclidean_probe,0.6175933133763535,0.789607843137255,0.5703011583011584,0.702059202059202
budget20_eff128,lora_regress_d,contrastive_euclidean_s,,0.2857647058823528,0.4456679536679537,0.3593761829055946
budget20_eff128,lora_regress_d,contrastive_hybrid_basic_probe,0.6336826068285247,0.8060392156862746,0.5783629343629344,0.7161783632371868
budget20_eff128,lora_regress_d,contrastive_hybrid_basic_s,,0.8043921568627451,0.5820231660231661,0.7187902187902188
budget20_eff128,lora_regress_d,contrastive_rank_kendall_basic_probe,0.6342344104040686,0.785843137254902,0.5782857142857143,0.7105382693617989
budget20_eff128,lora_regress_d,contrastive_rank_kendall_basic_s,,0.7821960784313725,0.574069498069498,0.7165568930274814
budget20_eff128,lora_regress_d,contrastive_regress_d_probe,0.6242051598528175,0.7892156862745098,0.5695289575289575,0.7063744416685592
budget20_eff128,lora_regress_d,contrastive_regress_d_s,,0.7917254901960784,0.5892355212355213,0.7002044060867589
budget20_eff128,lora_regress_d,ridge_dhat_all,,0.818078431372549,0.6000463320463321,0.7268150503444621
budget20_eff128,lora_regress_d,ridge_dhat_finetune,,0.818078431372549,0.6000463320463321,0.7268150503444621
old_full_20eff128_reference,full_euclidean,baseline_raw,0.6604339310128042,0.8594901960784314,0.5768494208494209,0.7617533499886442
old_full_20eff128_reference,full_euclidean,contrastive_euclidean_probe,0.6281066916655772,0.7820784313725491,0.5835521235521235,0.6957756075403133
old_full_20eff128_reference,full_euclidean,contrastive_euclidean_s,,0.4583137254901961,0.4319536679536679,0.5246044363691422
old_full_20eff128_reference,full_euclidean,contrastive_hybrid_basic_probe,0.618827369269109,0.7712549019607843,0.5710579150579151,0.7039518510106746
old_full_20eff128_reference,full_euclidean,contrastive_hybrid_basic_s,,0.7678039215686274,0.5694517374517374,0.7008668332197744
old_full_20eff128_reference,full_euclidean,contrastive_rank_kendall_basic_probe,0.6562280571159104,0.8068235294117647,0.5919227799227799,0.7603527897645544
old_full_20eff128_reference,full_euclidean,contrastive_rank_kendall_basic_s,,0.7248627450980392,0.5594903474903475,0.6638276932394579
old_full_20eff128_reference,full_euclidean,contrastive_regress_d_probe,0.6548470085351216,0.8040784313725491,0.5941003861003861,0.737413884472708
old_full_20eff128_reference,full_euclidean,contrastive_regress_d_s,,0.7819607843137256,0.5929111969111969,0.6997501703384056
old_full_20eff128_reference,full_euclidean,ridge_dhat_all,,0.8257647058823531,0.5992123552123552,0.7447952153834506
old_full_20eff128_reference,full_euclidean,ridge_dhat_finetune,,0.8257647058823531,0.5992123552123552,0.7447952153834506
old_full_20eff128_reference,full_hybrid_basic,baseline_raw,0.6201965471813914,0.7763529411764706,0.5479227799227799,0.7232568703156939
old_full_20eff128_reference,full_hybrid_basic,contrastive_euclidean_probe,0.5936447604285895,0.7278627450980393,0.5522934362934364,0.663411310470134
old_full_20eff128_reference,full_hybrid_basic,contrastive_euclidean_s,,0.2854705882352941,0.4556602316602317,0.3444999621470209
old_full_20eff128_reference,full_hybrid_basic,contrastive_hybrid_basic_probe,0.6066685477116404,0.7566274509803922,0.5431042471042471,0.7095162389280038
old_full_20eff128_reference,full_hybrid_basic,contrastive_hybrid_basic_s,,0.753607843137255,0.5388880308880309,0.7090998561586797
old_full_20eff128_reference,full_hybrid_basic,contrastive_rank_kendall_basic_probe,0.6087150699808349,0.7521960784313726,0.5468880308880308,0.7000529941706413
old_full_20eff128_reference,full_hybrid_basic,contrastive_rank_kendall_basic_s,,0.7352156862745098,0.5469961389961391,0.6811643576349458
old_full_20eff128_reference,full_hybrid_basic,contrastive_regress_d_probe,0.5990518314097937,0.7394509803921568,0.5454517374517375,0.6740858505564389
old_full_20eff128_reference,full_hybrid_basic,contrastive_regress_d_s,,0.7147843137254902,0.5504401544401545,0.6646604587781058
old_full_20eff128_reference,full_hybrid_basic,ridge_dhat_all,,0.7635294117647058,0.5588262548262548,0.7006586418351124
old_full_20eff128_reference,full_hybrid_basic,ridge_dhat_finetune,,0.7635294117647058,0.5588262548262548,0.7006586418351124
old_full_20eff128_reference,full_regress_d,baseline_raw,0.6886152849602273,0.866313725490196,0.6148880308880309,0.7704595351654175
old_full_20eff128_reference,full_regress_d,contrastive_euclidean_probe,0.6731323374838989,0.8664705882352941,0.6155675675675676,0.7674691498220909
old_full_20eff128_reference,full_regress_d,contrastive_euclidean_s,,0.7043137254901961,0.5771274131274131,0.6355515179044591
old_full_20eff128_reference,full_regress_d,contrastive_hybrid_basic_probe,0.6767195623278793,0.8749019607843137,0.6201235521235522,0.7706109470815353
old_full_20eff128_reference,full_regress_d,contrastive_hybrid_basic_s,,0.8310980392156864,0.6123552123552124,0.7314709667650844
old_full_20eff128_reference,full_regress_d,contrastive_rank_kendall_basic_probe,0.6799236629719122,0.8693333333333333,0.6253745173745174,0.7525550760844878
old_full_20eff128_reference,full_regress_d,contrastive_rank_kendall_basic_s,,0.8718823529411767,0.622949806949807,0.7623589976531153
old_full_20eff128_reference,full_regress_d,contrastive_regress_d_probe,0.669943867692127,0.8696862745098038,0.6114594594594595,0.7606177606177607
old_full_20eff128_reference,full_regress_d,contrastive_regress_d_s,,0.8681960784313725,0.6147181467181466,0.7541070482246953
old_full_20eff128_reference,full_regress_d,ridge_dhat_all,,0.8528235294117648,0.6113822393822393,0.7403285638579756
old_full_20eff128_reference,full_regress_d,ridge_dhat_finetune,,0.8528235294117648,0.6113822393822393,0.7403285638579756
